scheme,sd_multiplier,species,chromosome,n_strong,n_high_FST,n_strong_high_FST,fisher_p,odds_ratio,p_adj_BH
Martigny_only,1,Cinerea,chr25,61,84,41,2.1692793849933993e-7,5.151039429601666,5.423198462483498e-6
Martigny_only,1,Cinerea,chr1,76,27,15,3.3141138038033724e-4,4.439598615423995,0.004142642254754215
Martigny_only,1,Cinerea,chr19,8,4,2,0.019977970102281646,18.067984504017172,0.1664830841856804
Martigny_only,1,Cinerea,chr26,3,15,2,0.02834378265412752,18.957381251703595,0.17714864158829702
Martigny_only,1,Cinerea,chr27,13,6,3,0.044814329872748165,6.557962135456492,0.22407164936374083
Martigny_only,1,Cinerea,chr22,34,4,3,0.0732492053568358,7.774859886306455,0.3052050223201492
Martigny_only,1,Cinerea,chr17,43,19,2,0.16812910422433688,0.34019934648154493,0.46702528951204686
Martigny_only,1,Cinerea,chr21,9,3,1,0.15312361507621597,9.479111046003453,0.46702528951204686
Martigny_only,1,Cinerea,chr8,74,34,14,0.15530828441828184,1.826953222743225,0.46702528951204686
Martigny_only,1,Cinerea,chr10,127,50,28,0.2095598442334287,1.527378555368527,0.5238996105835717
Martigny_only,1,Cinerea,chr5,72,5,0,0.3253612163942768,0,0.7100513593877904
Martigny_only,1,Cinerea,chr6,57,6,0,0.34082465250613936,0,0.7100513593877904
Martigny_only,1,Cinerea,chr7,85,17,4,0.4307467062762483,0.5520412437161801,0.8283590505312467
Martigny_only,1,Cinerea,chr12,32,5,0,0.5900676157269171,0,0.9834723164187474
Martigny_only,1,Cinerea,chr14,67,5,1,0.6491563072587037,0.36930859205113575,0.9834723164187474
Martigny_only,1,Cinerea,chr16,34,7,0,0.6016575569927298,0,0.9834723164187474
Martigny_only,1,Cinerea,chr2,74,6,1,0.6687611751647482,0.4368847499093006,0.9834723164187474
Martigny_only,1,Cinerea,chr11,16,7,0,1,0,1
Martigny_only,1,Cinerea,chr13,62,14,3,0.7626150928708831,0.7036235211958651,1
Martigny_only,1,Cinerea,chr15,24,9,1,1,0.9729500580923476,1
Martigny_only,1,Cinerea,chr18,50,5,1,1,0.5680571617218321,1
Martigny_only,1,Cinerea,chr20,43,3,1,0.9999999999999999,1.2835232500988303,1
Martigny_only,1,Cinerea,chr24,21,5,1,1,1.1980570864242892,1
Martigny_only,1,Cinerea,chr4,48,8,1,1,0.6877476841058555,1
Martigny_only,1,Cinerea,chr9,36,1,0,0.9999999999999999,0,1
Martigny_only,1,Selysi,chr27,35,6,6,0.003993194830021613,Inf,0.10382306558056195
Martigny_only,1,Selysi,chr22,38,4,3,0.09985007496251874,6.568850896286467,0.8653673163418291
Martigny_only,1,Selysi,chr8,83,34,16,0.07745703291512511,1.984224006762211,0.8653673163418291
Martigny_only,1,Selysi,chr1,132,27,14,0.41649306942191366,1.4674572394123049,1
Martigny_only,1,Selysi,chr10,90,50,19,0.5077691355694158,1.2677830379385697,1
Martigny_only,1,Selysi,chr11,53,7,2,1,0.9726765577144201,1
Martigny_only,1,Selysi,chr12,57,5,1,1,0.5640319032391885,1
Martigny_only,1,Selysi,chr13,61,14,4,1,1.0803197277811145,1
Martigny_only,1,Selysi,chr14,47,5,1,0.9999999999999999,0.6374026928140862,1
Martigny_only,1,Selysi,chr15,71,9,1,0.2778778810845975,0.23690547620146507,1
Martigny_only,1,Selysi,chr16,51,7,1,1,0.5080240572275898,1
Martigny_only,1,Selysi,chr17,51,19,6,0.790837520126853,1.1681585036811952,1
Martigny_only,1,Selysi,chr18,40,5,1,1,0.7767693507842952,1
Martigny_only,1,Selysi,chr19,38,4,1,1,0.7673299548533243,1
Martigny_only,1,Selysi,chr2,87,6,4,0.19494918996551647,3.5701379787538303,1
Martigny_only,1,Selysi,chr20,44,3,1,1,1.2423788465750862,1
Martigny_only,1,Selysi,chr21,49,3,1,0.9999999999999999,1.2172233577282185,1
Martigny_only,1,Selysi,chr23,42,1,1,0.3853211009174312,Inf,1
Martigny_only,1,Selysi,chr24,23,5,0,0.5820647121290645,0,1
Martigny_only,1,Selysi,chr25,79,84,35,0.31006263354256364,1.377726934579944,1
Martigny_only,1,Selysi,chr26,59,15,9,0.16360746719688432,2.385026907222636,1
Martigny_only,1,Selysi,chr4,80,8,3,0.6921378707907515,1.5247902852943003,1
Martigny_only,1,Selysi,chr5,77,5,1,1,0.5472298440117558,1
Martigny_only,1,Selysi,chr6,58,6,1,1,0.5801308077281717,1
Martigny_only,1,Selysi,chr7,78,17,4,0.5924310090134166,0.6331196833981085,1
Martigny_only,1,Selysi,chr9,87,1,1,0.4065420560747663,Inf,1
Martigny_only,1.5,Cinerea,chr25,44,84,31,3.938376318674124e-6,5.174586052628068,9.84594079668531e-5
Martigny_only,1.5,Cinerea,chr1,51,27,14,9.17967647885306e-6,6.973949124065586,1.1474595598566326e-4
Martigny_only,1.5,Cinerea,chr22,24,4,3,0.02682302573409651,12.738611351708943,0.22208831208336516
Martigny_only,1.5,Cinerea,chr27,12,6,3,0.035534129933338425,7.360694765025097,0.22208831208336516
Martigny_only,1.5,Cinerea,chr10,93,50,23,0.07105765825490096,1.7969493675559192,0.3552882912745048
Martigny_only,1.5,Cinerea,chr21,5,3,1,0.08716001731476794,18.79557877224557,0.3631667388115331
Martigny_only,1.5,Cinerea,chr8,48,34,10,0.10583952797597929,1.9566836599022368,0.377998314199926
Martigny_only,1.5,Cinerea,chr19,5,4,1,0.15123349943176853,9.377319569927527,0.47260468572427666
Martigny_only,1.5,Cinerea,chr17,32,19,1,0.20421447712456897,0.23064421191569695,0.567262436457136
Martigny_only,1.5,Cinerea,chr16,27,7,0,0.5983911093377092,0,0.9349861083401707
Martigny_only,1.5,Cinerea,chr20,32,3,1,0.5079586383176485,1.9096520435345012,0.9349861083401707
Martigny_only,1.5,Cinerea,chr24,17,5,1,0.5373946375487205,1.5558562195744234,0.9349861083401707
Martigny_only,1.5,Cinerea,chr4,25,8,1,0.5301464166597392,1.479719715582144,0.9349861083401707
Martigny_only,1.5,Cinerea,chr5,45,5,0,0.5880744100253289,0,0.9349861083401707
Martigny_only,1.5,Cinerea,chr6,36,6,0,0.593222372819843,0,0.9349861083401707
Martigny_only,1.5,Cinerea,chr7,59,17,2,0.3768896499673774,0.3965288145078428,0.9349861083401707
Martigny_only,1.5,Cinerea,chr11,7,7,0,1,0,1
Martigny_only,1.5,Cinerea,chr12,17,5,0,0.9999999999999999,0,1
Martigny_only,1.5,Cinerea,chr13,43,14,3,0.734286627509487,1.1651151068099361,1
Martigny_only,1.5,Cinerea,chr14,44,5,1,1,0.6990695186047333,1
Martigny_only,1.5,Cinerea,chr15,16,9,0,1,0,1
Martigny_only,1.5,Cinerea,chr18,35,5,1,1,0.9268973014829678,1
Martigny_only,1.5,Cinerea,chr2,48,6,1,1,0.7879749396197645,1
Martigny_only,1.5,Cinerea,chr26,1,15,0,1,0,1
Martigny_only,1.5,Cinerea,chr9,23,1,0,1,0,1
Martigny_only,1.5,Selysi,chr27,30,6,6,0.0014607674290865232,Inf,0.03797995315624961
Martigny_only,1.5,Selysi,chr22,26,4,3,0.03393040321944292,11.412570836640429,0.44109524185275795
Martigny_only,1.5,Selysi,chr2,66,6,4,0.05161460098504759,5.4373120953050735,0.44732654187041243
Martigny_only,1.5,Selysi,chr26,45,15,8,0.07390712518607272,2.8490288334952267,0.48039631370947267
Martigny_only,1.5,Selysi,chr8,68,34,13,0.1453676026593176,1.818679998639884,0.7559115338284517
Martigny_only,1.5,Selysi,chr1,109,27,12,0.3999659416011949,1.499016811994776,0.822552936296083
Martigny_only,1.5,Selysi,chr10,75,50,16,0.48852554856128805,1.2669857993803344,0.822552936296083
Martigny_only,1.5,Selysi,chr12,46,5,0,0.3359061785353509,0,0.822552936296083
Martigny_only,1.5,Selysi,chr15,55,9,1,0.45129258061971367,0.3439412803774047,0.822552936296083
Martigny_only,1.5,Selysi,chr20,31,3,1,0.4955542342416228,1.9892964205336987,0.822552936296083
Martigny_only,1.5,Selysi,chr21,35,3,1,0.506186422336051,1.9175206229400608,0.822552936296083
Martigny_only,1.5,Selysi,chr23,34,1,1,0.3119266055045872,Inf,0.822552936296083
Martigny_only,1.5,Selysi,chr25,65,84,29,0.3613070187768203,1.3600847248478036,0.822552936296083
Martigny_only,1.5,Selysi,chr4,63,8,3,0.38410853496785774,2.123258426199696,0.822552936296083
Martigny_only,1.5,Selysi,chr5,60,5,0,0.339519146984632,0,0.822552936296083
Martigny_only,1.5,Selysi,chr9,68,1,1,0.3177570093457945,Inf,0.822552936296083
Martigny_only,1.5,Selysi,chr11,37,7,1,1,0.6449030423214179,1
Martigny_only,1.5,Selysi,chr13,41,14,3,0.7237617149820329,1.2403601435776976,1
Martigny_only,1.5,Selysi,chr14,33,5,1,0.9999999999999999,1.0232969561024052,1
Martigny_only,1.5,Selysi,chr16,42,7,1,1,0.655653862816211,1
Martigny_only,1.5,Selysi,chr17,39,19,4,1,0.9450634919377825,1
Martigny_only,1.5,Selysi,chr18,32,5,1,1,1.0400747282025207,1
Martigny_only,1.5,Selysi,chr19,30,4,1,1,1.0683978793410234,1
Martigny_only,1.5,Selysi,chr24,15,5,0,1,0,1
Martigny_only,1.5,Selysi,chr6,42,6,1,0.9999999999999999,0.8833915777231182,1
Martigny_only,1.5,Selysi,chr7,63,17,4,1,0.8714106019426774,1
Martigny_only,2,Cinerea,chr25,33,84,26,9.819791162944652e-7,7.731678909558773,2.3567498791067165e-5
Martigny_only,2,Cinerea,chr1,32,27,11,1.2147471188547836e-5,8.338893248572894,1.4576965426257404e-4
Martigny_only,2,Cinerea,chr10,63,50,19,0.009841056617742266,2.414609771118404,0.07872845294193813
Martigny_only,2,Cinerea,chr22,19,4,3,0.013331795640641207,17.44547107218112,0.07999077384384724
Martigny_only,2,Cinerea,chr27,6,6,2,0.056493115958051954,8.75198661575726,0.2548459797226708
Martigny_only,2,Cinerea,chr8,37,34,9,0.0637114949306677,2.4193641034712368,0.2548459797226708
Martigny_only,2,Cinerea,chr21,5,3,1,0.08716001731476794,18.79557877224557,0.29883434507920437
Martigny_only,2,Cinerea,chr20,24,3,1,0.4028390024535432,2.7361004631818364,0.9668136058885036
Martigny_only,2,Cinerea,chr24,10,5,1,0.35528429695927194,2.9326320568506627,0.9668136058885036
Martigny_only,2,Cinerea,chr4,16,8,1,0.3781942872396504,2.4457098322800612,0.9668136058885036
Martigny_only,2,Cinerea,chr11,4,7,0,1,0,1
Martigny_only,2,Cinerea,chr12,9,5,0,1,0,1
Martigny_only,2,Cinerea,chr13,35,14,3,0.46181969384108534,1.5223290136586396,1
Martigny_only,2,Cinerea,chr14,29,5,1,1,1.203906602869302,1
Martigny_only,2,Cinerea,chr15,12,9,0,1,0,1
Martigny_only,2,Cinerea,chr16,14,7,0,1,0,1
Martigny_only,2,Cinerea,chr17,20,19,1,0.7001665315447623,0.41089977900761454,1
Martigny_only,2,Cinerea,chr18,29,5,0,0.5875789427891126,0,1
Martigny_only,2,Cinerea,chr19,2,4,0,1,0,1
Martigny_only,2,Cinerea,chr2,31,6,1,0.571261923764953,1.344798316789506,1
Martigny_only,2,Cinerea,chr5,25,5,0,1,0,1
Martigny_only,2,Cinerea,chr6,21,6,0,1,0,1
Martigny_only,2,Cinerea,chr7,36,17,2,1,0.7537492994971369,1
Martigny_only,2,Cinerea,chr9,15,1,0,1,0,1
Martigny_only,2,Selysi,chr27,25,6,6,4.356901380004594e-4,Inf,0.011327943588011945
Martigny_only,2,Selysi,chr22,16,4,3,0.007874605207517702,21.9223241188662,0.10236986769773013
Martigny_only,2,Selysi,chr2,54,6,4,0.025041842001381952,7.19960299212399,0.21702929734531023
Martigny_only,2,Selysi,chr12,31,5,0,0.5924274238600683,0,0.8763903447855577
Martigny_only,2,Selysi,chr13,34,14,3,0.4498376690428694,1.5798707702653432,0.8763903447855577
Martigny_only,2,Selysi,chr14,25,5,1,0.5578957424557293,1.4443232720801844,0.8763903447855577
Martigny_only,2,Selysi,chr15,40,9,0,0.21291447808917158,0,0.8763903447855577
Martigny_only,2,Selysi,chr16,36,7,0,0.6067317771592322,0,0.8763903447855577
Martigny_only,2,Selysi,chr18,22,5,1,0.5156826323012644,1.6487868255068046,0.8763903447855577
Martigny_only,2,Selysi,chr20,19,3,1,0.3300870016880927,3.6197229367746835,0.8763903447855577
Martigny_only,2,Selysi,chr21,29,3,1,0.43573824811650386,2.4297277252953964,0.8763903447855577
Martigny_only,2,Selysi,chr23,29,1,1,0.26605504587155987,Inf,0.8763903447855577
Martigny_only,2,Selysi,chr25,49,84,22,0.40708649980503747,1.3385978324043377,0.8763903447855577
Martigny_only,2,Selysi,chr26,35,15,6,0.1977857656932342,2.3061671102236843,0.8763903447855577
Martigny_only,2,Selysi,chr4,44,8,2,0.36417517427253093,1.8285546995811366,0.8763903447855577
Martigny_only,2,Selysi,chr5,47,5,0,0.5866783960067948,0,0.8763903447855577
Martigny_only,2,Selysi,chr8,48,34,8,0.4852157308408906,1.359747853321917,0.8763903447855577
Martigny_only,2,Selysi,chr9,54,1,1,0.25233644859813087,Inf,0.8763903447855577
Martigny_only,2,Selysi,chr1,88,27,9,0.6565465546869922,1.2648523179197104,0.8984321274664104
Martigny_only,2,Selysi,chr10,58,50,11,1,1.0260880834968948,1
Martigny_only,2,Selysi,chr11,29,7,1,0.9999999999999999,0.87561568464265,1
Martigny_only,2,Selysi,chr17,35,19,4,1,1.100480696805645,1
Martigny_only,2,Selysi,chr19,25,4,1,1,1.3574921356289573,1
Martigny_only,2,Selysi,chr24,12,5,0,0.9999999999999999,0,1
Martigny_only,2,Selysi,chr6,34,6,1,0.9999999999999999,1.1447075417997237,1
Martigny_only,2,Selysi,chr7,48,17,3,1,0.8624131732069966,1
broad_original,1,Cinerea,chr25,46,84,32,5.392997026900958e-6,5.012200083373526,1.402179226994249e-4
broad_original,1,Cinerea,chr1,59,27,11,0.008072291766719942,3.291795818329242,0.10493979296735924
broad_original,1,Cinerea,chr10,83,50,23,0.016822232336607953,2.2358160641711,0.10934451018795169
broad_original,1,Cinerea,chr8,53,34,13,0.012730841129345069,2.7259320828266382,0.10934451018795169
broad_original,1,Cinerea,chr22,24,4,3,0.02682302573409651,12.738611351708943,0.13947973381730186
broad_original,1,Cinerea,chr27,12,6,3,0.035534129933338425,7.360694765025097,0.15398122971113318
broad_original,1,Cinerea,chr21,9,3,1,0.15312361507621597,9.479111046003453,0.5687448559973736
broad_original,1,Cinerea,chr19,6,4,1,0.17929189614476782,7.510384950787904,0.5826986624704954
broad_original,1,Cinerea,chr11,7,7,0,1,0,1
broad_original,1,Cinerea,chr12,29,5,0,1,0,1
broad_original,1,Cinerea,chr13,51,14,2,0.7414945566530136,0.5522499497501832,1
broad_original,1,Cinerea,chr14,53,5,1,1,0.5354092803587684,1
broad_original,1,Cinerea,chr15,15,9,0,1,0,1
broad_original,1,Cinerea,chr16,27,7,0,0.5983911093377092,0,1
broad_original,1,Cinerea,chr17,36,19,2,0.3716321493519826,0.4341717874360058,1
broad_original,1,Cinerea,chr18,26,5,1,0.5805976655894358,1.3473019650569626,1
broad_original,1,Cinerea,chr2,54,6,1,1,0.6764846677555837,1
broad_original,1,Cinerea,chr20,40,3,1,1,1.4195451242828556,1
broad_original,1,Cinerea,chr23,2,1,0,1,0,1
broad_original,1,Cinerea,chr24,12,5,1,0.4123107473510808,2.3630114197596397,1
broad_original,1,Cinerea,chr26,1,15,0,1,0,1
broad_original,1,Cinerea,chr4,31,8,1,0.9999999999999999,1.156494174234442,1
broad_original,1,Cinerea,chr5,50,5,0,0.5862820130773768,0,1
broad_original,1,Cinerea,chr6,43,6,0,0.597277617839561,0,1
broad_original,1,Cinerea,chr7,58,17,3,0.7689333645960595,0.6672150300511788,1
broad_original,1,Cinerea,chr9,25,1,0,1,0,1
broad_original,1,Selysi,chr25,36,84,26,2.1341561049021336e-5,5.289196772009618,5.335390262255334e-4
broad_original,1,Selysi,chr27,17,6,5,0.0010504093145247433,25.87033410833763,0.01313011643155929
broad_original,1,Selysi,chr8,32,34,9,0.022220443298377496,3.0188378216361365,0.18517036081981247
broad_original,1,Selysi,chr2,17,6,2,0.06087052769825329,7.1076439977300865,0.38044079811408305
broad_original,1,Selysi,chr1,47,27,7,0.15590502966231248,2.085123409149828,0.42727158085031497
broad_original,1,Selysi,chr10,43,50,11,0.20509035880815116,1.636079114127745,0.42727158085031497
broad_original,1,Selysi,chr13,18,14,3,0.08955668355726017,3.532188285471832,0.42727158085031497
broad_original,1,Selysi,chr20,11,3,1,0.20177830630335095,6.815013531532059,0.42727158085031497
broad_original,1,Selysi,chr21,7,3,1,0.12055407257773622,12.647877759010646,0.42727158085031497
broad_original,1,Selysi,chr23,15,1,1,0.13761467889908252,Inf,0.42727158085031497
broad_original,1,Selysi,chr26,15,15,3,0.18915287480571194,2.4385018185879392,0.42727158085031497
broad_original,1,Selysi,chr9,24,1,1,0.11214953271028039,Inf,0.42727158085031497
broad_original,1,Selysi,chr22,8,4,1,0.249599087096128,4.918560903371596,0.47999824441563077
broad_original,1,Selysi,chr12,13,5,1,0.30533784673531295,3.502215140585986,0.49869351473568996
broad_original,1,Selysi,chr19,11,4,1,0.30929626715621994,3.6702876509167655,0.49869351473568996
broad_original,1,Selysi,chr4,14,8,1,0.33911159002026914,2.840473251665344,0.49869351473568996
broad_original,1,Selysi,chr6,14,6,1,0.3192733848842219,3.1888256641720236,0.49869351473568996
broad_original,1,Selysi,chr18,14,5,1,0.36176996573590126,2.8005714441065157,0.5024582857443073
broad_original,1,Selysi,chr11,11,7,0,1,0,1
broad_original,1,Selysi,chr14,17,5,0,1,0,1
broad_original,1,Selysi,chr15,18,9,0,1,0,1
broad_original,1,Selysi,chr16,21,7,0,0.9999999999999999,0,1
broad_original,1,Selysi,chr17,14,19,1,1,0.6253447711016392,1
broad_original,1,Selysi,chr5,19,5,0,1,0,1
broad_original,1,Selysi,chr7,24,17,1,1,0.552729174516284,1
broad_original,1.5,Cinerea,chr25,28,84,22,1.279692257291056e-5,7.203062116778342,3.327199868956746e-4
broad_original,1.5,Cinerea,chr1,29,27,8,0.0015649653820740883,5.1274094213114685,0.02034454996696315
broad_original,1.5,Cinerea,chr22,11,4,3,0.002403656471359462,36.262869264667586,0.02083168941844867
broad_original,1.5,Cinerea,chr10,51,50,17,0.0047840763983575665,2.7751501118200093,0.03109649658932418
broad_original,1.5,Cinerea,chr21,4,3,1,0.07015057664361472,24.730967979798898,0.331363767075896
broad_original,1.5,Cinerea,chr27,7,6,2,0.07646856163289908,6.978464609286441,0.331363767075896
broad_original,1.5,Cinerea,chr24,7,5,1,0.2615254469691158,4.479215675560518,0.852601872526707
broad_original,1.5,Cinerea,chr8,30,34,6,0.26233903770052525,1.7188905777545582,0.852601872526707
broad_original,1.5,Cinerea,chr11,3,7,0,1,0,1
broad_original,1.5,Cinerea,chr12,13,5,0,1,0,1
broad_original,1.5,Cinerea,chr13,26,14,2,0.6681055917482102,1.2969651563089353,1
broad_original,1.5,Cinerea,chr14,24,5,0,1,0,1
broad_original,1.5,Cinerea,chr15,8,9,0,1,0,1
broad_original,1.5,Cinerea,chr16,17,7,0,1,0,1
broad_original,1.5,Cinerea,chr17,25,19,1,0.481190220035685,0.31393457901258415,1
broad_original,1.5,Cinerea,chr18,16,5,0,1,0,1
broad_original,1.5,Cinerea,chr19,1,4,0,1,0,1
broad_original,1.5,Cinerea,chr2,32,6,1,0.5836891143804617,1.2952255411866638,1
broad_original,1.5,Cinerea,chr20,22,3,1,0.37440626302804153,3.0398309939105177,1
broad_original,1.5,Cinerea,chr23,2,1,0,1,0,1
broad_original,1.5,Cinerea,chr26,1,15,0,1,0,1
broad_original,1.5,Cinerea,chr4,17,8,1,0.39696578045505687,2.2851212294447114,1
broad_original,1.5,Cinerea,chr5,29,5,0,1,0,1
broad_original,1.5,Cinerea,chr6,17,6,0,1,0,1
broad_original,1.5,Cinerea,chr7,32,17,3,0.4758880890087315,1.4531371323796127,1
broad_original,1.5,Cinerea,chr9,16,1,0,0.9999999999999999,0,1
broad_original,1.5,Selysi,chr25,52,84,35,3.4828710735649783e-6,4.667535450829202,9.055464791268944e-5
broad_original,1.5,Selysi,chr27,15,6,5,5.220704436214201e-4,31.608345655521227,0.006786915767078462
broad_original,1.5,Selysi,chr10,51,50,17,0.0047840763983575665,2.7751501118200093,0.04146199545243224
broad_original,1.5,Selysi,chr8,39,34,11,0.008546589305384199,3.2085916850620952,0.0555528304849973
broad_original,1.5,Selysi,chr19,6,4,2,0.010941515866771567,26.785391998853274,0.05689588250721215
broad_original,1.5,Selysi,chr2,12,6,2,0.031304043993194086,10.80719969992625,0.13565085730384102
broad_original,1.5,Selysi,chr18,13,5,2,0.05022358938525202,8.772367513184728,0.1865447605737932
broad_original,1.5,Selysi,chr1,50,27,8,0.05920832038267693,2.367548380690232,0.19242704124370003
broad_original,1.5,Selysi,chr11,13,7,2,0.0808198882276377,5.851441366281626,0.21013170939185805
broad_original,1.5,Selysi,chr13,17,14,3,0.07753996276570216,3.8012803476369728,0.21013170939185805
broad_original,1.5,Selysi,chr23,18,1,1,0.16513761467889915,Inf,0.3302752293577983
broad_original,1.5,Selysi,chr7,37,17,5,0.15039079539663902,2.5136050658880813,0.3302752293577983
broad_original,1.5,Selysi,chr9,33,1,1,0.15420560747663542,Inf,0.3302752293577983
broad_original,1.5,Selysi,chr26,16,15,3,0.21801493287234008,2.2340576599869406,0.40488487533434586
broad_original,1.5,Selysi,chr20,16,3,1,0.28372255141164165,4.4265042160102395,0.4917857557801789
broad_original,1.5,Selysi,chr12,14,5,1,0.3252994028636086,3.217601786891867,0.528611529653364
broad_original,1.5,Selysi,chr6,16,6,1,0.35699694746994554,2.7414525805623464,0.5459953314246225
broad_original,1.5,Selysi,chr15,21,9,0,0.6035382924481436,0,0.8258945054553545
broad_original,1.5,Selysi,chr16,26,7,0,0.6001558690581338,0,0.8258945054553545
broad_original,1.5,Selysi,chr17,20,19,1,0.7001665315447623,0.41089977900761454,0.910216491008191
broad_original,1.5,Selysi,chr14,13,5,0,1,0,1
broad_original,1.5,Selysi,chr21,9,3,0,1,0,1
broad_original,1.5,Selysi,chr22,5,4,0,1,0,1
broad_original,1.5,Selysi,chr24,1,5,0,1,0,1
broad_original,1.5,Selysi,chr4,20,8,0,1,0,1
broad_original,1.5,Selysi,chr5,22,5,0,1,0,1
broad_original,2,Cinerea,chr25,42,84,34,1.1006177933076835e-9,10.157250563727553,2.861606262599977e-8
broad_original,2,Cinerea,chr1,32,27,11,1.2147471188547836e-5,8.338893248572894,1.5791712545112186e-4
broad_original,2,Cinerea,chr10,87,50,23,0.029374073675729095,2.043884934361429,0.16507936507936521
broad_original,2,Cinerea,chr19,1,4,1,0.03174603174603177,Inf,0.16507936507936521
broad_original,2,Cinerea,chr7,35,17,6,0.02196324518629861,3.677066188630581,0.16507936507936521
broad_original,2,Cinerea,chr22,11,4,2,0.04368868197480204,11.043486966814035,0.1893176218908088
broad_original,2,Cinerea,chr27,6,6,2,0.056493115958051954,8.75198661575726,0.2098315735584787
broad_original,2,Cinerea,chr21,4,3,1,0.07015057664361472,24.730967979798898,0.22798937409174785
broad_original,2,Cinerea,chr8,40,34,9,0.08032614158750598,2.1520817371625336,0.23205329791946172
broad_original,2,Cinerea,chr17,22,19,0,0.1351587117820894,0,0.35141265063343247
broad_original,2,Cinerea,chr24,9,5,1,0.3251573949480229,3.321580922685996,0.7685538426044178
broad_original,2,Cinerea,chr20,25,3,1,0.41672646751276315,2.6032012228339023,0.8334529350255263
broad_original,2,Cinerea,chr4,18,8,1,0.4152395446836915,2.1432360196030587,0.8334529350255263
broad_original,2,Cinerea,chr11,3,7,0,1,0,1
broad_original,2,Cinerea,chr12,14,5,0,1,0,1
broad_original,2,Cinerea,chr13,37,14,3,0.7072598396409797,1.4173417788022473,1
broad_original,2,Cinerea,chr14,31,5,1,1,1.1076574440960605,1
broad_original,2,Cinerea,chr15,11,9,0,1.0000000000000002,0,1
broad_original,2,Cinerea,chr16,15,7,0,1,0,1
broad_original,2,Cinerea,chr18,17,5,0,1,0,1
broad_original,2,Cinerea,chr2,31,6,1,0.571261923764953,1.344798316789506,1
broad_original,2,Cinerea,chr23,2,1,0,1,0,1
broad_original,2,Cinerea,chr26,1,15,0,1,0,1
broad_original,2,Cinerea,chr5,31,5,0,1,0,1
broad_original,2,Cinerea,chr6,11,6,0,1,0,1
broad_original,2,Cinerea,chr9,20,1,0,1,0,1
broad_original,2,Selysi,chr10,25,50,13,7.182733072841772e-5,5.972837226743038,0.001795683268210443
broad_original,2,Selysi,chr25,30,84,21,4.3363049493427705e-4,4.411410167879406,0.005420381186678463
broad_original,2,Selysi,chr27,11,6,4,0.0022176357409230897,18.820415368076365,0.01848029784102575
broad_original,2,Selysi,chr2,4,6,2,0.0031193787342524127,52.10475020741867,0.01949611708907758
broad_original,2,Selysi,chr19,2,4,1,0.06273015873015873,35.07184587952174,0.3136507936507937
broad_original,2,Selysi,chr11,4,7,1,0.1463372168023549,9.242897182805272,0.31664089442234267
broad_original,2,Selysi,chr12,6,5,1,0.15198762932272447,8.582628769325208,0.31664089442234267
broad_original,2,Selysi,chr13,11,14,2,0.14325250357130184,3.7049588384701706,0.31664089442234267
broad_original,2,Selysi,chr18,4,5,1,0.11683177561774993,12.458904325676755,0.31664089442234267
broad_original,2,Selysi,chr23,14,1,1,0.1284403669724771,Inf,0.31664089442234267
broad_original,2,Selysi,chr6,6,6,1,0.14940323157352906,8.462706841077917,0.31664089442234267
broad_original,2,Selysi,chr8,23,34,6,0.10073137005315592,2.508895044681255,0.31664089442234267
broad_original,2,Selysi,chr20,10,3,1,0.1846735557241368,7.600421561131046,0.35514145331564767
broad_original,2,Selysi,chr26,9,15,2,0.23480741492292878,2.6776512317231895,0.4192989552195157
broad_original,2,Selysi,chr7,18,17,2,0.3646027370656504,1.7450710740001203,0.6076712284427507
broad_original,2,Selysi,chr17,6,19,1,0.4972043120425404,1.704850328514715,0.7768817375664694
broad_original,2,Selysi,chr1,21,27,1,0.9999999999999999,0.4989620475526532,1
broad_original,2,Selysi,chr14,7,5,0,1,0,1
broad_original,2,Selysi,chr15,7,9,0,1,0,1
broad_original,2,Selysi,chr16,15,7,0,1,0,1
broad_original,2,Selysi,chr21,2,3,0,1,0,1
broad_original,2,Selysi,chr22,2,4,0,0.9999999999999999,0,1
broad_original,2,Selysi,chr4,5,8,0,1,0,1
broad_original,2,Selysi,chr5,9,5,0,1,0,1
broad_original,2,Selysi,chr9,17,1,0,1,0,1
no_Martigny,1,Cinerea,chr27,32,6,6,0.0022293558302366604,Inf,0.05796325158615317
no_Martigny,1,Cinerea,chr15,62,9,0,0.06095398712475101,0,0.5377815236185695
no_Martigny,1,Cinerea,chr25,84,84,40,0.06205171426368109,1.7514852348569714,0.5377815236185695
no_Martigny,1,Cinerea,chr11,63,7,0,0.09762835764518264,0,0.6345843246936872
no_Martigny,1,Cinerea,chr1,134,27,13,0.6870263786543465,1.2117390905485994,0.9313220556309145
no_Martigny,1,Cinerea,chr10,112,50,22,0.7522216603172771,1.1169927261128607,0.9313220556309145
no_Martigny,1,Cinerea,chr13,70,14,6,0.3745669230124085,1.7181015469589556,0.9313220556309145
no_Martigny,1,Cinerea,chr14,55,5,2,0.6628033970261065,1.3808932066416784,0.9313220556309145
no_Martigny,1,Cinerea,chr16,60,7,1,0.675823536583167,0.4053701783977923,0.9313220556309145
no_Martigny,1,Cinerea,chr17,59,19,5,0.6116080178947043,0.6957951175608044,0.9313220556309145
no_Martigny,1,Cinerea,chr18,43,5,2,0.6060368682878317,1.9262997298477913,0.9313220556309145
no_Martigny,1,Cinerea,chr2,85,6,4,0.19052537160709562,3.706818140291842,0.9313220556309145
no_Martigny,1,Cinerea,chr22,32,4,2,0.3005622694725512,2.738641726575169,0.9313220556309145
no_Martigny,1,Cinerea,chr23,39,1,1,0.35779816513761475,Inf,0.9313220556309145
no_Martigny,1,Cinerea,chr26,48,15,7,0.25650844603006145,1.8904400530047263,0.9313220556309145
no_Martigny,1,Cinerea,chr4,99,8,2,0.7167753331693174,0.6058064589821213,0.9313220556309145
no_Martigny,1,Cinerea,chr5,84,5,1,0.6641915433556672,0.4801542619293229,0.9313220556309145
no_Martigny,1,Cinerea,chr6,70,6,1,0.6694426007974896,0.44480026188540944,0.9313220556309145
no_Martigny,1,Cinerea,chr7,88,17,5,0.6114865008080914,0.7188090625629477,0.9313220556309145
no_Martigny,1,Cinerea,chr8,89,34,15,0.2553926136675872,1.5229926176769553,0.9313220556309145
no_Martigny,1,Cinerea,chr9,87,1,1,0.4065420560747663,Inf,0.9313220556309145
no_Martigny,1,Cinerea,chr12,55,5,1,1,0.5940712239038916,1
no_Martigny,1,Cinerea,chr19,32,4,1,1,0.9786544123852884,1
no_Martigny,1,Cinerea,chr20,42,3,1,0.9999999999999999,1.326654017205148,1
no_Martigny,1,Cinerea,chr21,46,3,1,1,1.3309148149649748,1
no_Martigny,1,Cinerea,chr24,30,5,1,0.9999999999999999,0.751676367595647,1
no_Martigny,1,Selysi,chr25,33,84,23,1.7225969404094e-4,4.453057507780019,0.0043064923510235
no_Martigny,1,Selysi,chr27,15,6,5,5.220704436214201e-4,31.608345655521227,0.0065258805452677515
no_Martigny,1,Selysi,chr2,13,6,2,0.03657044503463981,9.804464221055428,0.2931363798150418
no_Martigny,1,Selysi,chr8,31,34,8,0.046901820770406694,2.5827602575403317,0.2931363798150418
no_Martigny,1,Selysi,chr13,16,14,3,0.06634492876460904,4.110508465916647,0.33172464382304523
no_Martigny,1,Selysi,chr21,5,3,1,0.08716001731476794,18.79557877224557,0.35046728971962615
no_Martigny,1,Selysi,chr9,21,1,1,0.09813084112149532,Inf,0.35046728971962615
no_Martigny,1,Selysi,chr23,14,1,1,0.1284403669724771,Inf,0.4013761467889909
no_Martigny,1,Selysi,chr10,28,50,8,0.19656161456117333,1.880628698144978,0.4585870597803431
no_Martigny,1,Selysi,chr20,11,3,1,0.20177830630335095,6.815013531532059,0.4585870597803431
no_Martigny,1,Selysi,chr26,15,15,3,0.18915287480571194,2.4385018185879392,0.4585870597803431
no_Martigny,1,Selysi,chr12,11,5,1,0.26399744339345177,4.239414666411045,0.46832967815570914
no_Martigny,1,Selysi,chr18,11,5,1,0.29487248993588905,3.6992323479317193,0.46832967815570914
no_Martigny,1,Selysi,chr19,8,4,1,0.23331609905960823,5.33338436202565,0.46832967815570914
no_Martigny,1,Selysi,chr4,12,8,1,0.2978961501288131,3.377400893916609,0.46832967815570914
no_Martigny,1,Selysi,chr6,13,6,1,0.29973099401965386,3.467698829014223,0.46832967815570914
no_Martigny,1,Selysi,chr11,11,7,1,0.3585422064235027,2.7269180963431343,0.5272679506227982
no_Martigny,1,Selysi,chr1,33,27,4,0.511740154122686,1.4969924857992862,0.7107502140592862
no_Martigny,1,Selysi,chr7,26,17,2,0.7006804622452256,1.1216336762029233,0.9219479766384548
no_Martigny,1,Selysi,chr14,13,5,0,1,0,1
no_Martigny,1,Selysi,chr15,18,9,0,1,0,1
no_Martigny,1,Selysi,chr16,25,7,0,1,0,1
no_Martigny,1,Selysi,chr17,19,19,2,1,0.982793157167572,1
no_Martigny,1,Selysi,chr22,6,4,0,0.9999999999999999,0,1
no_Martigny,1,Selysi,chr5,13,5,0,1,0,1
no_Martigny,1.5,Cinerea,chr27,18,6,5,0.001436847523881676,23.62767873521244,0.03735803562092358
no_Martigny,1.5,Cinerea,chr10,74,50,20,0.03575473622862364,2.0188659977783865,0.46481157097210735
no_Martigny,1.5,Cinerea,chr11,43,7,0,0.20105068479781085,0,0.6060167616853379
no_Martigny,1.5,Cinerea,chr13,47,14,5,0.176418408530394,2.2258859554366186,0.6060167616853379
no_Martigny,1.5,Cinerea,chr15,42,9,0,0.20977503289107852,0,0.6060167616853379
no_Martigny,1.5,Cinerea,chr2,53,6,3,0.12604681083679925,3.6150438177895303,0.6060167616853379
no_Martigny,1.5,Cinerea,chr22,23,4,2,0.1728139978593698,4.305545675932914,0.6060167616853379
no_Martigny,1.5,Cinerea,chr23,20,1,1,0.18348623853211016,Inf,0.6060167616853379
no_Martigny,1.5,Cinerea,chr25,60,84,29,0.11908549922493103,1.6628080089209276,0.6060167616853379
no_Martigny,1.5,Cinerea,chr21,23,3,1,0.3588897935626167,3.2171869696963147,0.9331134632628034
no_Martigny,1.5,Cinerea,chr8,64,34,11,0.39674902019536107,1.4774322410544938,0.9377704113708535
no_Martigny,1.5,Cinerea,chr20,29,3,1,0.4701234972901674,2.1649920883439524,0.9402469945803348
no_Martigny,1.5,Cinerea,chr24,14,5,1,0.4652287398593932,1.9667277157212135,0.9402469945803348
no_Martigny,1.5,Cinerea,chr1,94,27,9,0.8275824948400109,1.1406637469090504,1
no_Martigny,1.5,Cinerea,chr12,28,5,0,1,0,1
no_Martigny,1.5,Cinerea,chr14,34,5,1,1,0.9849354225457662,1
no_Martigny,1.5,Cinerea,chr16,36,7,0,0.6067317771592322,0,1
no_Martigny,1.5,Cinerea,chr17,42,19,5,0.7775562720498214,1.1764536010807554,1
no_Martigny,1.5,Cinerea,chr18,32,5,1,1,1.0400747282025207,1
no_Martigny,1.5,Cinerea,chr19,18,4,0,1,0,1
no_Martigny,1.5,Cinerea,chr26,30,15,3,1,0.9540382094502876,1
no_Martigny,1.5,Cinerea,chr4,65,8,2,1,1.1106998775574075,1
no_Martigny,1.5,Cinerea,chr5,50,5,0,0.5862820130773768,0,1
no_Martigny,1.5,Cinerea,chr6,43,6,1,1,0.8576969865532622,1
no_Martigny,1.5,Cinerea,chr7,64,17,4,1,0.8518335879301413,1
no_Martigny,1.5,Cinerea,chr9,66,1,0,1,0,1
no_Martigny,1.5,Selysi,chr25,40,84,28,2.2332124323362334e-5,4.835560552637081,5.583031080840583e-4
no_Martigny,1.5,Selysi,chr10,40,50,16,6.082368638650449e-4,3.7792612410342685,0.007602960798313061
no_Martigny,1.5,Selysi,chr26,16,15,6,0.0019218005192237365,7.800655961714264,0.016015004326864472
no_Martigny,1.5,Selysi,chr12,7,5,2,0.011433092746380479,22.184184911600088,0.05716546373190239
no_Martigny,1.5,Selysi,chr27,16,6,4,0.010950046971874332,10.522182857900935,0.05716546373190239
no_Martigny,1.5,Selysi,chr2,8,6,2,0.013906350350544359,18.0397262316533,0.0579431264606015
no_Martigny,1.5,Selysi,chr8,28,34,8,0.034115086232042534,3.0129449939498163,0.1218395936858662
no_Martigny,1.5,Selysi,chr9,17,1,1,0.07943925233644861,Inf,0.2482476635514019
no_Martigny,1.5,Selysi,chr19,3,4,1,0.09296466973886328,18.331769361248256,0.25823519371906467
no_Martigny,1.5,Selysi,chr11,5,7,1,0.17990822513035165,6.946891295750801,0.40888232984170836
no_Martigny,1.5,Selysi,chr23,18,1,1,0.16513761467889915,Inf,0.40888232984170836
no_Martigny,1.5,Selysi,chr18,9,5,1,0.2472413601169887,4.665103984204026,0.4120689335283145
no_Martigny,1.5,Selysi,chr20,13,3,1,0.2352667801174146,5.627376939022948,0.4120689335283145
no_Martigny,1.5,Selysi,chr6,9,6,1,0.21681964748637042,5.2691617787219025,0.4120689335283145
no_Martigny,1.5,Selysi,chr7,31,17,4,0.24593097933002764,2.2579119677433517,0.4120689335283145
no_Martigny,1.5,Selysi,chr13,19,14,2,0.3348353192281671,1.8951909157160485,0.5231801862940111
no_Martigny,1.5,Selysi,chr1,33,27,2,0.7513788564028132,0.64080900841989,1
no_Martigny,1.5,Selysi,chr14,7,5,0,1,0,1
no_Martigny,1.5,Selysi,chr15,9,9,0,0.9999999999999999,0,1
no_Martigny,1.5,Selysi,chr16,24,7,0,1,0,1
no_Martigny,1.5,Selysi,chr17,13,19,1,1,0.6818480813247276,1
no_Martigny,1.5,Selysi,chr21,5,3,0,1,0,1
no_Martigny,1.5,Selysi,chr22,5,4,0,1,0,1
no_Martigny,1.5,Selysi,chr4,14,8,0,1,0,1
no_Martigny,1.5,Selysi,chr5,15,5,0,1,0,1
no_Martigny,2,Cinerea,chr27,15,6,5,5.220704436214201e-4,31.608345655521227,0.013573831534156923
no_Martigny,2,Cinerea,chr10,57,50,18,0.007134020743138081,2.5710015532418087,0.09274226966079506
no_Martigny,2,Cinerea,chr22,14,4,2,0.06967042794392274,8.137682459087198,0.6038103755139971
no_Martigny,2,Cinerea,chr2,27,6,2,0.13969471967831185,4.100999524885898,0.6053437852726846
no_Martigny,2,Cinerea,chr23,14,1,1,0.1284403669724771,Inf,0.6053437852726846
no_Martigny,2,Cinerea,chr8,46,34,10,0.0931903446455044,2.0876840672017347,0.6053437852726846
no_Martigny,2,Cinerea,chr1,62,27,8,0.21323271622152207,1.7506992745604413,0.6930063277199467
no_Martigny,2,Cinerea,chr21,12,3,1,0.20045451266142414,6.830676817605659,0.6930063277199467
no_Martigny,2,Cinerea,chr11,34,7,0,0.3509572727323445,0,0.7632528906317396
no_Martigny,2,Cinerea,chr14,20,5,1,0.473739508400718,1.8856541847255794,0.7632528906317396
no_Martigny,2,Cinerea,chr18,20,5,1,0.4803418994064955,1.8466270652811276,0.7632528906317396
no_Martigny,2,Cinerea,chr20,24,3,1,0.4028390024535432,2.7361004631818364,0.7632528906317396
no_Martigny,2,Cinerea,chr24,9,5,1,0.3251573949480229,3.321580922685996,0.7632528906317396
no_Martigny,2,Cinerea,chr25,45,84,20,0.49333590936649213,1.2983511607940248,0.7632528906317396
no_Martigny,2,Cinerea,chr4,37,8,2,0.28425823650177895,2.258051864651341,0.7632528906317396
no_Martigny,2,Cinerea,chr6,21,6,1,0.4437571278783645,2.0118953753220388,0.7632528906317396
no_Martigny,2,Cinerea,chr7,41,17,4,0.4990499669515221,1.568416627105595,0.7632528906317396
no_Martigny,2,Cinerea,chr15,24,9,0,0.6020372642800543,0,0.8696093817378563
no_Martigny,2,Cinerea,chr12,15,5,0,1,0,1
no_Martigny,2,Cinerea,chr13,24,14,1,1,0.6298670679754859,1
no_Martigny,2,Cinerea,chr16,21,7,0,0.9999999999999999,0,1
no_Martigny,2,Cinerea,chr17,29,19,2,0.7428739562346955,0.5767174591983659,1
no_Martigny,2,Cinerea,chr19,11,4,0,1,0,1
no_Martigny,2,Cinerea,chr26,20,15,2,1,0.9575359530032068,1
no_Martigny,2,Cinerea,chr5,31,5,0,1,0,1
no_Martigny,2,Cinerea,chr9,42,1,0,1,0,1
no_Martigny,2,Selysi,chr10,45,50,18,2.1463763359935985e-4,3.9526346799789556,0.005580578473583356
no_Martigny,2,Selysi,chr25,40,84,25,0.001206501904118382,3.201409234569839,0.015684524753538966
no_Martigny,2,Selysi,chr27,16,6,4,0.010950046971874332,10.522182857900935,0.09490040708957755
no_Martigny,2,Selysi,chr26,12,15,4,0.02271428233438694,5.437147809117468,0.14764283517351512
no_Martigny,2,Selysi,chr2,12,6,2,0.031304043993194086,10.80719969992625,0.16278102876460926
no_Martigny,2,Selysi,chr12,13,5,2,0.039731729310579715,10.062358281296884,0.17217082701251207
no_Martigny,2,Selysi,chr1,43,27,7,0.07909116070390172,2.353924111250959,0.29376716832877786
no_Martigny,2,Selysi,chr13,19,14,3,0.10235710353087615,3.297075668292092,0.3326605864753475
no_Martigny,2,Selysi,chr19,5,4,1,0.15123349943176853,9.377319569927527,0.4368967761362202
no_Martigny,2,Selysi,chr23,19,1,1,0.17431192660550462,Inf,0.45321100917431206
no_Martigny,2,Selysi,chr8,38,34,8,0.19405947320858624,1.9121755801325935,0.4586860275839311
no_Martigny,2,Selysi,chr20,14,3,1,0.25165392054347013,5.16626955295548,0.5184830129401591
no_Martigny,2,Selysi,chr6,11,6,1,0.25924150647007954,4.190493885889201,0.5184830129401591
no_Martigny,2,Selysi,chr11,9,7,1,0.303131869088636,3.4394442637612266,0.562959185450324
no_Martigny,2,Selysi,chr15,9,9,1,0.32976774466738745,3.0059901711252905,0.5715974240901383
no_Martigny,2,Selysi,chr4,15,8,1,0.35891348994475564,2.6289908340755637,0.583234421160228
no_Martigny,2,Selysi,chr7,28,17,3,0.4249631819478174,1.718265105512169,0.6499436900378384
no_Martigny,2,Selysi,chr16,35,7,0,0.6040007478339492,0,0.8724455246490377
no_Martigny,2,Selysi,chr17,14,19,2,0.6483069740737821,1.4378418781792668,0.8871569118904388
no_Martigny,2,Selysi,chr14,8,5,0,1,0,1
no_Martigny,2,Selysi,chr18,7,5,0,1,0,1
no_Martigny,2,Selysi,chr21,12,3,0,1,0,1
no_Martigny,2,Selysi,chr22,8,4,0,0.9999999999999999,0,1
no_Martigny,2,Selysi,chr24,2,5,0,1.0000000000000002,0,1
no_Martigny,2,Selysi,chr5,22,5,0,1,0,1
no_Martigny,2,Selysi,chr9,25,1,0,1,0,1
no_Monthey,1,Cinerea,chr25,51,84,35,2.420970711248576e-6,5.001395421801509,6.0524267781214403e-5
no_Monthey,1,Cinerea,chr1,63,27,15,2.6345034208584275e-5,5.966149574072208,3.293129276073034e-4
no_Monthey,1,Cinerea,chr27,10,6,3,0.02057891218795412,9.626458013652705,0.17149093489961767
no_Monthey,1,Cinerea,chr10,98,50,25,0.03449344654867889,1.9809711677602806,0.17246723274339446
no_Monthey,1,Cinerea,chr22,26,4,3,0.03393040321944292,11.412570836640429,0.17246723274339446
no_Monthey,1,Cinerea,chr17,38,19,1,0.08023958969213095,0.18429984053460385,0.3343316237172123
no_Monthey,1,Cinerea,chr21,8,3,1,0.13694126377193966,10.846106973207531,0.44594059472789016
no_Monthey,1,Cinerea,chr8,63,34,12,0.14270099031292485,1.7708439983681552,0.44594059472789016
no_Monthey,1,Cinerea,chr19,6,4,1,0.17929189614476782,7.510384950787904,0.49803304484657723
no_Monthey,1,Cinerea,chr26,4,15,1,0.35702827203555715,2.9897210710437347,0.8925706800888928
no_Monthey,1,Cinerea,chr7,68,17,3,0.4109226221448962,0.531979369428907,0.9339150503293097
no_Monthey,1,Cinerea,chr15,19,9,1,0.5796384844206877,1.2761506396947195,0.9360148360483428
no_Monthey,1,Cinerea,chr16,31,7,0,0.5972163648384003,0,0.9360148360483428
no_Monthey,1,Cinerea,chr24,18,5,1,0.5596352799742629,1.4508003207678637,0.9360148360483428
no_Monthey,1,Cinerea,chr5,50,5,0,0.5862820130773768,0,0.9360148360483428
no_Monthey,1,Cinerea,chr6,44,6,0,0.5990494950709394,0,0.9360148360483428
no_Monthey,1,Cinerea,chr11,8,7,0,1,0,1
no_Monthey,1,Cinerea,chr12,23,5,0,0.9999999999999999,0,1
no_Monthey,1,Cinerea,chr13,52,14,3,1,0.9020754776676551,1
no_Monthey,1,Cinerea,chr14,51,5,1,0.9999999999999999,0.5667019481229387,1
no_Monthey,1,Cinerea,chr18,43,5,1,1,0.7037848731618516,1
no_Monthey,1,Cinerea,chr2,62,6,1,1,0.5618173611364962,1
no_Monthey,1,Cinerea,chr20,38,3,1,1,1.5223939948856628,1
no_Monthey,1,Cinerea,chr4,35,8,1,1,1.0041867703343523,1
no_Monthey,1,Cinerea,chr9,27,1,0,1,0,1
no_Monthey,1,Selysi,chr25,36,84,25,1.2331813450220988e-4,4.51064211129845,0.003206271497057457
no_Monthey,1,Selysi,chr27,15,6,5,5.220704436214201e-4,31.608345655521227,0.006786915767078462
no_Monthey,1,Selysi,chr8,35,34,10,0.01308065733022124,3.1804531266461615,0.1133656968619174
no_Monthey,1,Selysi,chr26,17,15,5,0.017546684595606016,4.833906108743188,0.1140534498714391
no_Monthey,1,Selysi,chr2,14,6,2,0.04217428584651884,8.96568770645492,0.21930628640189798
no_Monthey,1,Selysi,chr12,16,5,2,0.0591014928494523,7.818651358413221,0.2561064690142933
no_Monthey,1,Selysi,chr10,35,50,10,0.10933093669562276,1.9245910710853116,0.3035863219349459
no_Monthey,1,Selysi,chr13,18,14,3,0.08955668355726017,3.532188285471832,0.3035863219349459
no_Monthey,1,Selysi,chr21,7,3,1,0.12055407257773622,12.647877759010646,0.3035863219349459
no_Monthey,1,Selysi,chr23,14,1,1,0.1284403669724771,Inf,0.3035863219349459
no_Monthey,1,Selysi,chr9,24,1,1,0.11214953271028039,Inf,0.3035863219349459
no_Monthey,1,Selysi,chr1,41,27,6,0.22989745046358773,1.9864040216598835,0.43263841763328853
no_Monthey,1,Selysi,chr19,8,4,1,0.23331609905960823,5.33338436202565,0.43263841763328853
no_Monthey,1,Selysi,chr20,13,3,1,0.2352667801174146,5.627376939022948,0.43263841763328853
no_Monthey,1,Selysi,chr22,8,4,1,0.249599087096128,4.918560903371596,0.43263841763328853
no_Monthey,1,Selysi,chr4,13,8,1,0.3187765620208931,3.0867568289415908,0.48830047099939816
no_Monthey,1,Selysi,chr6,14,6,1,0.3192733848842219,3.1888256641720236,0.48830047099939816
no_Monthey,1,Selysi,chr11,11,7,1,0.3585422064235027,2.7269180963431343,0.49505363732281227
no_Monthey,1,Selysi,chr18,14,5,1,0.36176996573590126,2.8005714441065157,0.49505363732281227
no_Monthey,1,Selysi,chr15,22,9,0,0.6021471987374356,0,0.745515579389206
no_Monthey,1,Selysi,chr16,29,7,0,0.5966906356856628,0,0.745515579389206
no_Monthey,1,Selysi,chr14,14,5,0,1,0,1
no_Monthey,1,Selysi,chr17,16,19,1,1,0.5348684851782533,1
no_Monthey,1,Selysi,chr24,1,5,0,1,0,1
no_Monthey,1,Selysi,chr5,16,5,0,1,0,1
no_Monthey,1,Selysi,chr7,24,17,1,1,0.552729174516284,1
no_Monthey,1.5,Cinerea,chr25,36,84,28,3.9319396975006397e-7,7.4837030684745915,9.829849243751599e-6
no_Monthey,1.5,Cinerea,chr1,41,27,10,9.793234995357687e-4,4.670013502090814,0.012241543744197109
no_Monthey,1.5,Cinerea,chr27,7,6,3,0.006554501770934032,16.98769202282264,0.05462084809111693
no_Monthey,1.5,Cinerea,chr10,67,50,20,0.010550707880285084,2.4163937369728696,0.05654662547268875
no_Monthey,1.5,Cinerea,chr22,18,4,3,0.011309325094537751,18.747432036859298,0.05654662547268875
no_Monthey,1.5,Cinerea,chr17,25,19,0,0.07939190166485365,0,0.2835425059459059
no_Monthey,1.5,Cinerea,chr21,4,3,1,0.07015057664361472,24.730967979798898,0.2835425059459059
no_Monthey,1.5,Cinerea,chr8,30,34,7,0.14883484532428753,2.178443225578407,0.4651088916383985
no_Monthey,1.5,Cinerea,chr24,8,5,1,0.29391468175117236,3.819884485669691,0.8164296715310343
no_Monthey,1.5,Cinerea,chr11,4,7,0,1,0,1
no_Monthey,1.5,Cinerea,chr12,13,5,0,1,0,1
no_Monthey,1.5,Cinerea,chr13,30,14,2,1,1.0888831313701324,1
no_Monthey,1.5,Cinerea,chr14,28,5,1,0.9999999999999999,1.2574047507214503,1
no_Monthey,1.5,Cinerea,chr15,10,9,0,1,0,1
no_Monthey,1.5,Cinerea,chr16,19,7,0,1,0,1
no_Monthey,1.5,Cinerea,chr18,29,5,1,1,1.177301474471556,1
no_Monthey,1.5,Cinerea,chr19,1,4,0,1,0,1
no_Monthey,1.5,Cinerea,chr2,33,6,1,0.595814674155788,1.2487243061990123,1
no_Monthey,1.5,Cinerea,chr20,27,3,1,0.44385213130215473,2.3674404837402743,1
no_Monthey,1.5,Cinerea,chr26,1,15,0,1,0,1
no_Monthey,1.5,Cinerea,chr4,21,8,1,0.4671869336136066,1.8023117344654078,1
no_Monthey,1.5,Cinerea,chr5,35,5,0,1,0,1
no_Monthey,1.5,Cinerea,chr6,23,6,0,1,0,1
no_Monthey,1.5,Cinerea,chr7,46,17,3,1,0.9122979046141559,1
no_Monthey,1.5,Cinerea,chr9,15,1,0,1,0,1
no_Monthey,1.5,Selysi,chr25,46,84,30,7.661189799275161e-5,3.8962219956032906,0.0019152974498187903
no_Monthey,1.5,Selysi,chr10,45,50,18,2.1463763359935985e-4,3.9526346799789556,0.002682970419991998
no_Monthey,1.5,Selysi,chr27,12,6,4,0.0032551736223477815,16.382322060659725,0.02712644685289818
no_Monthey,1.5,Selysi,chr11,7,7,2,0.024377209274872944,13.051416909924576,0.14323894332306772
no_Monthey,1.5,Selysi,chr12,11,5,2,0.02864778866461354,12.35982372750401,0.14323894332306772
no_Monthey,1.5,Selysi,chr2,13,6,2,0.03657044503463981,9.804464221055428,0.15237685431099923
no_Monthey,1.5,Selysi,chr1,36,27,6,0.10896049491855879,2.3627601455840788,0.28037383177570097
no_Monthey,1.5,Selysi,chr13,18,14,3,0.08955668355726017,3.532188285471832,0.28037383177570097
no_Monthey,1.5,Selysi,chr8,34,34,8,0.1004474307800802,2.2513498058177337,0.28037383177570097
no_Monthey,1.5,Selysi,chr9,24,1,1,0.11214953271028039,Inf,0.28037383177570097
no_Monthey,1.5,Selysi,chr19,7,4,1,0.20664883293994205,6.245607005079169,0.36901577310703937
no_Monthey,1.5,Selysi,chr23,20,1,1,0.18348623853211016,Inf,0.36901577310703937
no_Monthey,1.5,Selysi,chr26,15,15,3,0.18915287480571194,2.4385018185879392,0.36901577310703937
no_Monthey,1.5,Selysi,chr6,8,6,1,0.1948613198458011,6.035171500586602,0.36901577310703937
no_Monthey,1.5,Selysi,chr22,9,4,1,0.2771367352760865,4.279893149403882,0.4618945587934775
no_Monthey,1.5,Selysi,chr20,17,3,1,0.29940745904496346,4.124766130028148,0.4678241547577554
no_Monthey,1.5,Selysi,chr18,13,5,1,0.34006146116909547,3.051018960803705,0.5000903840721993
no_Monthey,1.5,Selysi,chr7,31,17,3,0.46222099069869593,1.512353211963867,0.6419735981926332
no_Monthey,1.5,Selysi,chr15,24,9,0,0.6020372642800543,0,0.7525465803500679
no_Monthey,1.5,Selysi,chr16,31,7,0,0.5972163648384003,0,0.7525465803500679
no_Monthey,1.5,Selysi,chr14,13,5,0,1,0,1
no_Monthey,1.5,Selysi,chr17,18,19,2,1,1.051178872980045,1
no_Monthey,1.5,Selysi,chr21,7,3,0,0.9999999999999999,0,1
no_Monthey,1.5,Selysi,chr4,13,8,0,1,0,1
no_Monthey,1.5,Selysi,chr5,19,5,0,1,0,1
no_Monthey,2,Cinerea,chr25,29,84,22,2.444735460877292e-5,6.128090612536948,5.867365106105501e-4
no_Monthey,2,Cinerea,chr1,24,27,7,0.002331994138673875,5.343678104503763,0.0279839296640865
no_Monthey,2,Cinerea,chr10,44,50,15,0.009623371233196178,2.780155796607568,0.07493388186893934
no_Monthey,2,Cinerea,chr27,3,6,2,0.012488980311489891,33.57792677808457,0.07493388186893934
no_Monthey,2,Cinerea,chr22,13,4,2,0.06045924406217945,8.936978516983542,0.29020437149846134
no_Monthey,2,Cinerea,chr8,22,34,6,0.09314628352120721,2.67799268825629,0.37258513408482885
no_Monthey,2,Cinerea,chr24,5,5,1,0.19318177416609406,6.754618902647583,0.6623375114266081
no_Monthey,2,Cinerea,chr4,11,8,1,0.27645786463656297,3.725942808494064,0.8293735939096889
no_Monthey,2,Cinerea,chr20,18,3,1,0.3148617062719128,3.856967220093263,0.8396312167251008
no_Monthey,2,Cinerea,chr14,18,5,1,0.436689559997895,2.134256325904003,0.87337911999579
no_Monthey,2,Cinerea,chr17,14,19,0,0.36838803507128204,0,0.87337911999579
no_Monthey,2,Cinerea,chr2,21,6,1,0.4290419034774781,2.1110817296705795,0.87337911999579
no_Monthey,2,Cinerea,chr11,2,7,0,1,0,1
no_Monthey,2,Cinerea,chr12,3,5,0,1,0,1
no_Monthey,2,Cinerea,chr13,21,14,1,1,0.7355175296217027,1
no_Monthey,2,Cinerea,chr15,8,9,0,1,0,1
no_Monthey,2,Cinerea,chr16,10,7,0,0.9999999999999999,0,1
no_Monthey,2,Cinerea,chr18,18,5,0,1,0,1
no_Monthey,2,Cinerea,chr19,1,4,0,1,0,1
no_Monthey,2,Cinerea,chr21,2,3,0,1,0,1
no_Monthey,2,Cinerea,chr5,19,5,0,1,0,1
no_Monthey,2,Cinerea,chr6,8,6,0,1,0,1
no_Monthey,2,Cinerea,chr7,21,17,2,0.6473443113310023,1.4500821400541564,1
no_Monthey,2,Cinerea,chr9,9,1,0,1,0,1
no_Monthey,2,Selysi,chr10,49,50,19,1.946452880941228e-4,3.8162745747392774,0.002530388745223596
no_Monthey,2,Selysi,chr25,47,84,30,1.6600535449901353e-4,3.6359781170869954,0.002530388745223596
no_Monthey,2,Selysi,chr27,14,6,4,0.006299321673507513,12.893496674620488,0.05459412117039844
no_Monthey,2,Selysi,chr8,47,34,12,0.015676710050402033,2.821884949896877,0.10189861532761321
no_Monthey,2,Selysi,chr13,23,14,4,0.041752840655744396,4.003242948459628,0.13706642900118624
no_Monthey,2,Selysi,chr19,11,4,2,0.03794837211044921,11.99451923550052,0.13706642900118624
no_Monthey,2,Selysi,chr2,14,6,2,0.04217428584651884,8.96568770645492,0.13706642900118624
no_Monthey,2,Selysi,chr7,29,17,5,0.03768390715936015,3.4807310901962643,0.13706642900118624
no_Monthey,2,Selysi,chr1,48,27,8,0.050112560795576355,2.5061347676537302,0.14476962007610947
no_Monthey,2,Selysi,chr26,18,15,4,0.09429642649205174,2.9820575078013802,0.2451707088793345
no_Monthey,2,Selysi,chr24,4,5,1,0.1571631033699373,8.982349137273284,0.37147642614712456
no_Monthey,2,Selysi,chr23,22,1,1,0.20183486238532108,Inf,0.437308868501529
no_Monthey,2,Selysi,chr11,10,7,1,0.3313288454838938,3.0442036876487157,0.5196993377734032
no_Monthey,2,Selysi,chr12,12,5,1,0.28490660693341036,3.838214757798876,0.5196993377734032
no_Monthey,2,Selysi,chr20,18,3,1,0.3148617062719128,3.856967220093263,0.5196993377734032
no_Monthey,2,Selysi,chr22,13,4,1,0.37978028529594843,2.770519717168917,0.5196993377734032
no_Monthey,2,Selysi,chr4,16,8,1,0.3781942872396504,2.4457098322800612,0.5196993377734032
no_Monthey,2,Selysi,chr5,22,5,1,0.37527857138960063,2.6160631944912116,0.5196993377734032
no_Monthey,2,Selysi,chr6,14,6,1,0.3192733848842219,3.1888256641720236,0.5196993377734032
no_Monthey,2,Selysi,chr17,21,19,3,0.47424271220907027,1.4651994570990943,0.6165155258717914
no_Monthey,2,Selysi,chr15,30,9,2,0.618730464570236,1.7697307167833742,0.7660472418488636
no_Monthey,2,Selysi,chr14,16,5,0,1,0,1
no_Monthey,2,Selysi,chr16,39,7,1,0.9999999999999999,0.7203292716957415,1
no_Monthey,2,Selysi,chr18,7,5,0,1,0,1
no_Monthey,2,Selysi,chr21,15,3,0,0.9999999999999999,0,1
no_Monthey,2,Selysi,chr9,30,1,0,1,0,1
no_Visp,1,Cinerea,chr25,51,84,37,5.633918999312923e-8,6.402245400886044,1.4084797498282308e-6
no_Visp,1,Cinerea,chr1,68,27,13,0.002418504180247434,3.7607453587396025,0.030231302253092923
no_Visp,1,Cinerea,chr27,15,6,3,0.06704799369685527,5.338951044410912,0.5587332808071273
no_Visp,1,Cinerea,chr21,9,3,1,0.15312361507621597,9.479111046003453,0.7656180753810798
no_Visp,1,Cinerea,chr8,69,34,13,0.14940506392513225,1.7752092745299508,0.7656180753810798
no_Visp,1,Cinerea,chr18,28,5,2,0.20015763750353133,3.400527728966186,0.8124697049971259
no_Visp,1,Cinerea,chr22,27,4,2,0.22749151739919524,3.4722043938030693,0.8124697049971259
no_Visp,1,Cinerea,chr13,59,14,2,0.36601390614925705,0.45161635827904617,0.8438897695600147
no_Visp,1,Cinerea,chr14,52,5,0,0.32545511158341317,0,0.8438897695600147
no_Visp,1,Cinerea,chr17,37,19,2,0.37131149860640644,0.41845384753148396,0.8438897695600147
no_Visp,1,Cinerea,chr6,48,6,0,0.34729813254806813,0,0.8438897695600147
no_Visp,1,Cinerea,chr7,67,17,3,0.41326393019098834,0.5436086583032408,0.8609665212312257
no_Visp,1,Cinerea,chr10,98,50,20,0.6263060197507285,1.195756401407973,0.9786031558605133
no_Visp,1,Cinerea,chr16,30,7,0,0.596690635685663,0,0.9786031558605133
no_Visp,1,Cinerea,chr24,19,5,1,0.5810122081308522,1.3573001320504174,0.9786031558605133
no_Visp,1,Cinerea,chr5,57,5,0,0.592370621958787,0,0.9786031558605133
no_Visp,1,Cinerea,chr11,11,7,0,1,0,1
no_Visp,1,Cinerea,chr12,28,5,0,1,0,1
no_Visp,1,Cinerea,chr15,14,9,0,1,0,1
no_Visp,1,Cinerea,chr19,4,4,0,1,0,1
no_Visp,1,Cinerea,chr2,53,6,1,1,0.6932844096262021,1
no_Visp,1,Cinerea,chr20,40,3,1,1,1.4195451242828556,1
no_Visp,1,Cinerea,chr26,3,15,0,1,0,1
no_Visp,1,Cinerea,chr4,36,8,1,1,0.9715255188370138,1
no_Visp,1,Cinerea,chr9,35,1,0,1,0,1
no_Visp,1,Selysi,chr27,24,6,6,3.3112450488035077e-4,Inf,0.00860923712688912
no_Visp,1,Selysi,chr2,47,6,4,0.014944368327582617,8.677486171860398,0.11133231521557721
no_Visp,1,Selysi,chr25,57,84,31,0.010882643226162949,2.307525719486396,0.11133231521557721
no_Visp,1,Selysi,chr8,48,34,12,0.017128048494704187,2.7287499653452016,0.11133231521557721
no_Visp,1,Selysi,chr1,87,27,11,0.17839670032193272,1.832437754291052,0.8044261150430166
no_Visp,1,Selysi,chr10,54,50,13,0.2475157277055436,1.514267942951071,0.8044261150430166
no_Visp,1,Selysi,chr23,22,1,1,0.20183486238532108,Inf,0.8044261150430166
no_Visp,1,Selysi,chr9,48,1,1,0.2242990654205607,Inf,0.8044261150430166
no_Visp,1,Selysi,chr11,32,7,0,0.6082184153180983,0,0.8322988841195029
no_Visp,1,Selysi,chr12,34,5,0,0.586708042091667,0,0.8322988841195029
no_Visp,1,Selysi,chr13,33,14,3,0.4383812653202702,1.6412296219296474,0.8322988841195029
no_Visp,1,Selysi,chr14,32,5,0,0.5845799385120977,0,0.8322988841195029
no_Visp,1,Selysi,chr18,25,5,1,0.5650642457964518,1.4133246202573144,0.8322988841195029
no_Visp,1,Selysi,chr20,24,3,1,0.4028390024535432,2.7361004631818364,0.8322988841195029
no_Visp,1,Selysi,chr21,22,3,1,0.345439929091902,3.391584209273087,0.8322988841195029
no_Visp,1,Selysi,chr22,20,4,1,0.532643934443035,1.6409748092821366,0.8322988841195029
no_Visp,1,Selysi,chr26,40,15,6,0.358669574330868,1.8733752403931014,0.8322988841195029
no_Visp,1,Selysi,chr4,39,8,2,0.30708378349064197,2.1188756238844455,0.8322988841195029
no_Visp,1,Selysi,chr5,45,5,0,0.5880744100253289,0,0.8322988841195029
no_Visp,1,Selysi,chr15,30,9,1,0.9999999999999999,0.7466316863026065,1
no_Visp,1,Selysi,chr16,25,7,0,1,0,1
no_Visp,1,Selysi,chr17,32,19,3,0.9999999999999999,0.8413048457129193,1
no_Visp,1,Selysi,chr19,17,4,0,1,0,1
no_Visp,1,Selysi,chr24,9,5,0,0.9999999999999999,0,1
no_Visp,1,Selysi,chr6,34,6,1,0.9999999999999999,1.1447075417997237,1
no_Visp,1,Selysi,chr7,46,17,3,1,0.9122979046141559,1
no_Visp,1.5,Cinerea,chr25,37,84,28,1.42812027874842e-6,6.6020933996629045,3.57030069687105e-5
no_Visp,1.5,Cinerea,chr1,36,27,10,2.964755570448921e-4,5.670910461480015,0.003705944463061151
no_Visp,1.5,Cinerea,chr27,11,6,3,0.027464390855590718,8.355799194954423,0.22886992379658933
no_Visp,1.5,Cinerea,chr10,70,50,19,0.0484211733469266,2.0012276587498463,0.30263233341829127
no_Visp,1.5,Cinerea,chr21,5,3,1,0.08716001731476794,18.79557877224557,0.43580008657383973
no_Visp,1.5,Cinerea,chr22,19,4,2,0.12296159612501437,5.520682690560476,0.439148557589337
no_Visp,1.5,Cinerea,chr8,36,34,8,0.11475493331247716,2.0697019668951557,0.439148557589337
no_Visp,1.5,Cinerea,chr17,26,19,1,0.316016366564087,0.2991862875398735,0.9875511455127719
no_Visp,1.5,Cinerea,chr11,4,7,0,1,0,1
no_Visp,1.5,Cinerea,chr12,13,5,0,1,0,1
no_Visp,1.5,Cinerea,chr13,35,14,2,1,0.8994033939766327,1
no_Visp,1.5,Cinerea,chr14,30,5,0,0.5868555183293321,0,1
no_Visp,1.5,Cinerea,chr15,8,9,0,1,0,1
no_Visp,1.5,Cinerea,chr16,18,7,0,1,0,1
no_Visp,1.5,Cinerea,chr18,13,5,0,1,0,1
no_Visp,1.5,Cinerea,chr19,3,4,0,1,0,1
no_Visp,1.5,Cinerea,chr2,32,6,1,0.5836891143804617,1.2952255411866638,1
no_Visp,1.5,Cinerea,chr20,25,3,1,0.41672646751276315,2.6032012228339023,1
no_Visp,1.5,Cinerea,chr24,12,5,1,0.4123107473510808,2.3630114197596397,1
no_Visp,1.5,Cinerea,chr26,1,15,0,1,0,1
no_Visp,1.5,Cinerea,chr4,23,8,1,0.4995323422175208,1.626431511577496,1
no_Visp,1.5,Cinerea,chr5,32,5,0,1,0,1
no_Visp,1.5,Cinerea,chr6,22,6,0,1,0,1
no_Visp,1.5,Cinerea,chr7,47,17,3,1,0.8867905620286438,1
no_Visp,1.5,Cinerea,chr9,21,1,0,1,0,1
no_Visp,1.5,Selysi,chr27,20,6,6,9.535488282833317e-5,Inf,0.002479226953536662
no_Visp,1.5,Selysi,chr25,42,84,25,0.004468134382422716,2.7773399160648493,0.05808574697149531
no_Visp,1.5,Selysi,chr8,31,34,8,0.046901820770406694,2.5827602575403317,0.40648244667685796
no_Visp,1.5,Selysi,chr1,64,27,9,0.13323915503555006,2.0308789237213913,0.5320710780605874
no_Visp,1.5,Selysi,chr13,21,14,3,0.13013925039058857,2.904148760178231,0.5320710780605874
no_Visp,1.5,Selysi,chr2,28,6,2,0.1486691591624011,3.9262221576837,0.5320710780605874
no_Visp,1.5,Selysi,chr23,18,1,1,0.16513761467889915,Inf,0.5320710780605874
no_Visp,1.5,Selysi,chr4,28,8,2,0.18417845009789566,3.147358715841851,0.5320710780605874
no_Visp,1.5,Selysi,chr9,34,1,1,0.15887850467289716,Inf,0.5320710780605874
no_Visp,1.5,Selysi,chr21,15,3,1,0.24598823008028706,5.294052536300865,0.6395693982087464
no_Visp,1.5,Selysi,chr20,18,3,1,0.3148617062719128,3.856967220093263,0.7207033102864832
no_Visp,1.5,Selysi,chr26,33,15,5,0.33263229705529995,1.8128662628542063,0.7207033102864832
no_Visp,1.5,Selysi,chr22,15,4,1,0.42679469981608376,2.334347893713719,0.8535893996321675
no_Visp,1.5,Selysi,chr18,19,5,1,0.4619143071868675,1.9620002208701581,0.8578408562041825
no_Visp,1.5,Selysi,chr6,26,6,1,0.5205344893881563,1.572290361453685,0.9022597816061376
no_Visp,1.5,Selysi,chr15,24,9,0,0.6020372642800543,0,0.9783105544550883
no_Visp,1.5,Selysi,chr10,42,50,9,0.6664145251135825,1.2296135107084216,1
no_Visp,1.5,Selysi,chr11,19,7,0,1,0,1
no_Visp,1.5,Selysi,chr12,24,5,0,1.0000000000000002,0,1
no_Visp,1.5,Selysi,chr14,24,5,0,1,0,1
no_Visp,1.5,Selysi,chr16,22,7,0,1,0,1
no_Visp,1.5,Selysi,chr17,19,19,2,1,0.982793157167572,1
no_Visp,1.5,Selysi,chr19,14,4,0,1,0,1
no_Visp,1.5,Selysi,chr24,6,5,0,1,0,1
no_Visp,1.5,Selysi,chr5,28,5,0,1,0,1
no_Visp,1.5,Selysi,chr7,34,17,3,0.7143969389862169,1.3461122299136663,1
no_Visp,2,Cinerea,chr1,23,27,9,2.9947112695044943e-5,9.326504883066898,7.187307046810786e-4
no_Visp,2,Cinerea,chr25,25,84,18,7.557886244134906e-4,4.716812077508762,0.009069463492961886
no_Visp,2,Cinerea,chr10,49,50,16,0.008202132968269563,2.6266229066955384,0.0656170637461565
no_Visp,2,Cinerea,chr22,9,4,2,0.02929790165645922,14.285662368127232,0.17578740993875533
no_Visp,2,Cinerea,chr27,6,6,2,0.056493115958051954,8.75198661575726,0.27116695659864937
no_Visp,2,Cinerea,chr8,30,34,7,0.14883484532428753,2.178443225578407,0.5953393812971501
no_Visp,2,Cinerea,chr20,18,3,1,0.3148617062719128,3.856967220093263,0.8500708320557149
no_Visp,2,Cinerea,chr24,7,5,1,0.2615254469691158,4.479215675560518,0.8500708320557149
no_Visp,2,Cinerea,chr4,13,8,1,0.3187765620208931,3.0867568289415908,0.8500708320557149
no_Visp,2,Cinerea,chr2,18,6,1,0.37941926785490293,2.5150974198375913,0.910606242851767
no_Visp,2,Cinerea,chr11,2,7,0,1,0,1
no_Visp,2,Cinerea,chr12,7,5,0,1,0,1
no_Visp,2,Cinerea,chr13,24,14,1,1,0.6298670679754859,1
no_Visp,2,Cinerea,chr14,19,5,0,1,0,1
no_Visp,2,Cinerea,chr15,3,9,0,1,0,1
no_Visp,2,Cinerea,chr16,11,7,0,0.9999999999999999,0,1
no_Visp,2,Cinerea,chr17,17,19,1,1,0.49808711130048655,1
no_Visp,2,Cinerea,chr18,9,5,0,1,0,1
no_Visp,2,Cinerea,chr19,1,4,0,1,0,1
no_Visp,2,Cinerea,chr21,2,3,0,1,0,1
no_Visp,2,Cinerea,chr5,13,5,0,1,0,1
no_Visp,2,Cinerea,chr6,10,6,0,1,0,1
no_Visp,2,Cinerea,chr7,26,17,2,0.7006804622452256,1.1216336762029233,1
no_Visp,2,Cinerea,chr9,9,1,0,1,0,1
no_Visp,2,Selysi,chr27,12,6,5,1.42559978073691e-4,45.90161788492514,0.003706559429915966
no_Visp,2,Selysi,chr13,17,14,3,0.07753996276570216,3.8012803476369728,0.5294920339725928
no_Visp,2,Selysi,chr2,20,6,2,0.08211240900531565,5.859933163238592,0.5294920339725928
no_Visp,2,Selysi,chr23,14,1,1,0.1284403669724771,Inf,0.5294920339725928
no_Visp,2,Selysi,chr26,27,15,5,0.15672549443720463,2.4359534790626465,0.5294920339725928
no_Visp,2,Selysi,chr4,19,8,2,0.09506651971962922,4.965735180165279,0.5294920339725928
no_Visp,2,Selysi,chr8,20,34,5,0.16292062583772085,2.311918259634978,0.5294920339725928
no_Visp,2,Selysi,chr9,23,1,1,0.10747663551401859,Inf,0.5294920339725928
no_Visp,2,Selysi,chr1,44,27,6,0.24787456182441872,1.8078071509795433,0.5370615506195738
no_Visp,2,Selysi,chr20,12,3,1,0.2186421449025759,6.16699646047457,0.5370615506195738
no_Visp,2,Selysi,chr21,13,3,1,0.21583038741793523,6.235981204630476,0.5370615506195738
no_Visp,2,Selysi,chr25,30,84,15,0.22920818594196476,1.6480870476109757,0.5370615506195738
no_Visp,2,Selysi,chr18,11,5,1,0.29487248993588905,3.6992323479317193,0.5476203384523654
no_Visp,2,Selysi,chr22,9,4,1,0.2771367352760865,4.279893149403882,0.5476203384523654
no_Visp,2,Selysi,chr6,19,6,1,0.41030604943491833,2.2554996676205192,0.6667473303317423
no_Visp,2,Selysi,chr7,25,17,3,0.3956230280544408,1.979999306372024,0.6667473303317423
no_Visp,2,Selysi,chr10,28,50,7,0.43997637345059,1.5244641237508898,0.6729050417479611
no_Visp,2,Selysi,chr11,14,7,0,1,0,1
no_Visp,2,Selysi,chr12,15,5,0,1,0,1
no_Visp,2,Selysi,chr14,18,5,0,1,0,1
no_Visp,2,Selysi,chr15,16,9,0,1,0,1
no_Visp,2,Selysi,chr16,17,7,0,1,0,1
no_Visp,2,Selysi,chr17,15,19,1,0.9999999999999999,0.5768863046775854,1
no_Visp,2,Selysi,chr19,12,4,0,1,0,1
no_Visp,2,Selysi,chr24,6,5,0,1,0,1
no_Visp,2,Selysi,chr5,13,5,0,1,0,1
strict_all_F1_sites,1,Cinerea,chr25,44,84,32,6.379160189701157e-7,5.944034775881635,1.594790047425289e-5
strict_all_F1_sites,1,Cinerea,chr1,62,27,12,0.004090981735770471,3.6436800518850356,0.051137271697130886
strict_all_F1_sites,1,Cinerea,chr27,11,6,3,0.027464390855590718,8.355799194954423,0.22635214494921901
strict_all_F1_sites,1,Cinerea,chr8,51,34,12,0.03621634319187504,2.4786597667307526,0.22635214494921901
strict_all_F1_sites,1,Cinerea,chr10,83,50,20,0.13061742965513293,1.6370382430461476,0.48907594204264165
strict_all_F1_sites,1,Cinerea,chr17,35,19,1,0.1283962667602839,0.20543068751240773,0.48907594204264165
strict_all_F1_sites,1,Cinerea,chr21,8,3,1,0.13694126377193966,10.846106973207531,0.48907594204264165
strict_all_F1_sites,1,Cinerea,chr22,23,4,2,0.1728139978593698,4.305545675932914,0.5400437433105306
strict_all_F1_sites,1,Cinerea,chr14,41,5,0,0.33624672888614865,0,0.9340186913504129
strict_all_F1_sites,1,Cinerea,chr16,27,7,0,0.5983911093377092,0,0.9973185155628488
strict_all_F1_sites,1,Cinerea,chr18,22,5,1,0.5156826323012644,1.6487868255068046,0.9973185155628488
strict_all_F1_sites,1,Cinerea,chr20,34,3,1,0.5321540606483096,1.7651281980542004,0.9973185155628488
strict_all_F1_sites,1,Cinerea,chr24,15,5,1,0.4902180510809171,1.8104107649249912,0.9973185155628488
strict_all_F1_sites,1,Cinerea,chr5,47,5,0,0.5866783960067948,0,0.9973185155628488
strict_all_F1_sites,1,Cinerea,chr6,38,6,0,0.5927527978611833,0,0.9973185155628488
strict_all_F1_sites,1,Cinerea,chr11,7,7,0,1,0,1
strict_all_F1_sites,1,Cinerea,chr12,23,5,0,0.9999999999999999,0,1
strict_all_F1_sites,1,Cinerea,chr13,50,14,2,0.7403819076859534,0.5671794797712324,1
strict_all_F1_sites,1,Cinerea,chr15,10,9,0,1,0,1
strict_all_F1_sites,1,Cinerea,chr19,4,4,0,1,0,1
strict_all_F1_sites,1,Cinerea,chr2,48,6,1,1,0.7879749396197645,1
strict_all_F1_sites,1,Cinerea,chr26,3,15,0,1,0,1
strict_all_F1_sites,1,Cinerea,chr4,31,8,1,0.9999999999999999,1.156494174234442,1
strict_all_F1_sites,1,Cinerea,chr7,60,17,3,0.7705305937154487,0.6363882752362588,1
strict_all_F1_sites,1,Cinerea,chr9,27,1,0,1,0,1
strict_all_F1_sites,1,Selysi,chr25,33,84,23,1.7225969404094e-4,4.453057507780019,0.0028627683524051982
strict_all_F1_sites,1,Selysi,chr27,13,6,5,2.2902146819241587e-4,39.972139350340385,0.0028627683524051982
strict_all_F1_sites,1,Selysi,chr2,11,6,2,0.026389527105418555,12.02725533644208,0.21991272587848798
strict_all_F1_sites,1,Selysi,chr10,28,50,9,0.0703425275914934,2.2904800407029806,0.25122331282676214
strict_all_F1_sites,1,Selysi,chr13,15,14,3,0.05600507097193284,4.470844932393621,0.25122331282676214
strict_all_F1_sites,1,Selysi,chr21,4,3,1,0.07015057664361472,24.730967979798898,0.25122331282676214
strict_all_F1_sites,1,Selysi,chr8,27,34,7,0.06820204532028767,2.541640856701783,0.25122331282676214
strict_all_F1_sites,1,Selysi,chr9,19,1,1,0.08878504672897201,Inf,0.2774532710280375
strict_all_F1_sites,1,Selysi,chr23,12,1,1,0.11009174311926606,Inf,0.3058103975535168
strict_all_F1_sites,1,Selysi,chr1,34,27,5,0.20103575272974203,1.9539849838841592,0.3863146251827948
strict_all_F1_sites,1,Selysi,chr12,10,5,1,0.24260202023628452,4.7285076878083645,0.3863146251827948
strict_all_F1_sites,1,Selysi,chr18,9,5,1,0.2472413601169887,4.665103984204026,0.3863146251827948
strict_all_F1_sites,1,Selysi,chr19,7,4,1,0.20664883293994205,6.245607005079169,0.3863146251827948
strict_all_F1_sites,1,Selysi,chr20,9,3,1,0.16732618456933152,8.577706304505808,0.3863146251827948
strict_all_F1_sites,1,Selysi,chr4,9,8,1,0.2318565231894565,4.679487658875245,0.3863146251827948
strict_all_F1_sites,1,Selysi,chr6,10,6,1,0.2382766434456477,4.671027245881908,0.3863146251827948
strict_all_F1_sites,1,Selysi,chr26,14,15,2,0.6399114660258792,1.5079044453167838,0.9410462735674695
strict_all_F1_sites,1,Selysi,chr11,7,7,0,1,0,1
strict_all_F1_sites,1,Selysi,chr14,11,5,0,1,0,1
strict_all_F1_sites,1,Selysi,chr15,14,9,0,1,0,1
strict_all_F1_sites,1,Selysi,chr16,23,7,0,1,0,1
strict_all_F1_sites,1,Selysi,chr17,13,19,1,1,0.6818480813247276,1
strict_all_F1_sites,1,Selysi,chr22,5,4,0,1,0,1
strict_all_F1_sites,1,Selysi,chr5,11,5,0,1,0,1
strict_all_F1_sites,1,Selysi,chr7,21,17,1,1,0.6447473531941947,1
strict_all_F1_sites,1.5,Cinerea,chr25,35,84,26,6.796176847703346e-6,5.922899462636094,1.6990442119258365e-4
strict_all_F1_sites,1.5,Cinerea,chr1,34,27,9,0.0010064449288040935,5.03708681019674,0.01258056161005117
strict_all_F1_sites,1.5,Cinerea,chr10,59,50,18,0.013024951108896433,2.4190124759276483,0.08140594443060271
strict_all_F1_sites,1.5,Cinerea,chr27,8,6,3,0.010186400984542602,13.603065851993044,0.08140594443060271
strict_all_F1_sites,1.5,Cinerea,chr8,32,34,8,0.05348428830665752,2.463049407591678,0.26742144153328756
strict_all_F1_sites,1.5,Cinerea,chr21,4,3,1,0.07015057664361472,24.730967979798898,0.2835626721052427
strict_all_F1_sites,1.5,Cinerea,chr22,15,4,2,0.07939754818946795,7.458888127487676,0.2835626721052427
strict_all_F1_sites,1.5,Cinerea,chr17,20,19,0,0.13514679660116835,0,0.4223337393786511
strict_all_F1_sites,1.5,Cinerea,chr24,6,5,1,0.2279584218313484,5.395206785500227,0.6332178384204122
strict_all_F1_sites,1.5,Cinerea,chr20,20,3,1,0.3450850538891052,3.406338919459199,0.862712634722763
strict_all_F1_sites,1.5,Cinerea,chr4,19,8,1,0.43302693495947275,2.017060486598304,0.9841521249078927
strict_all_F1_sites,1.5,Cinerea,chr2,24,6,1,0.4753129720232828,1.8116935072377356,0.9902353583818393
strict_all_F1_sites,1.5,Cinerea,chr11,2,7,0,1,0,1
strict_all_F1_sites,1.5,Cinerea,chr12,8,5,0,1,0,1
strict_all_F1_sites,1.5,Cinerea,chr13,29,14,2,0.6980447477306742,1.135096750614288,1
strict_all_F1_sites,1.5,Cinerea,chr14,21,5,0,1,0,1
strict_all_F1_sites,1.5,Cinerea,chr15,5,9,0,1,0,1
strict_all_F1_sites,1.5,Cinerea,chr16,16,7,0,1,0,1
strict_all_F1_sites,1.5,Cinerea,chr18,13,5,0,1,0,1
strict_all_F1_sites,1.5,Cinerea,chr19,2,4,0,1,0,1
strict_all_F1_sites,1.5,Cinerea,chr26,1,15,0,1,0,1
strict_all_F1_sites,1.5,Cinerea,chr5,24,5,0,0.9999999999999999,0,1
strict_all_F1_sites,1.5,Cinerea,chr6,16,6,0,1,0,1
strict_all_F1_sites,1.5,Cinerea,chr7,42,17,3,1,1.027359205753351,1
strict_all_F1_sites,1.5,Cinerea,chr9,18,1,0,1,0,1
strict_all_F1_sites,1.5,Selysi,chr25,41,84,28,6.193363245553952e-5,4.427454644103964,0.0015483408113884881
strict_all_F1_sites,1.5,Selysi,chr10,38,50,16,2.306192049710535e-4,4.162798347147296,0.0028827400621381687
strict_all_F1_sites,1.5,Selysi,chr27,11,6,4,0.0022176357409230897,18.820415368076365,0.01848029784102575
strict_all_F1_sites,1.5,Selysi,chr2,10,6,2,0.021841645598997712,13.545894657787747,0.13651028499373571
strict_all_F1_sites,1.5,Selysi,chr19,2,4,1,0.06273015873015873,35.07184587952174,0.27881613316330983
strict_all_F1_sites,1.5,Selysi,chr26,11,15,3,0.08922116261225914,3.759829655809757,0.27881613316330983
strict_all_F1_sites,1.5,Selysi,chr8,27,34,7,0.06820204532028767,2.541640856701783,0.27881613316330983
strict_all_F1_sites,1.5,Selysi,chr9,19,1,1,0.08878504672897201,Inf,0.27881613316330983
strict_all_F1_sites,1.5,Selysi,chr1,31,27,5,0.17085464512139426,2.2041865274767067,0.3748088023548993
strict_all_F1_sites,1.5,Selysi,chr11,5,7,1,0.17990822513035165,6.946891295750801,0.3748088023548993
strict_all_F1_sites,1.5,Selysi,chr23,17,1,1,0.1559633027522935,Inf,0.3748088023548993
strict_all_F1_sites,1.5,Selysi,chr6,6,6,1,0.14940323157352906,8.462706841077917,0.3748088023548993
strict_all_F1_sites,1.5,Selysi,chr12,8,5,1,0.19831856915714893,6.116142349789145,0.38138186376374794
strict_all_F1_sites,1.5,Selysi,chr20,12,3,1,0.2186421449025759,6.16699646047457,0.3904324016117427
strict_all_F1_sites,1.5,Selysi,chr13,15,14,2,0.2369525823437668,2.523650349448728,0.3949209705729447
strict_all_F1_sites,1.5,Selysi,chr18,10,5,1,0.2713682396004185,4.12992392029811,0.42401287437565394
strict_all_F1_sites,1.5,Selysi,chr7,26,17,3,0.404324484270202,1.8852731334270605,0.5945948298091206
strict_all_F1_sites,1.5,Selysi,chr14,8,5,0,1,0,1
strict_all_F1_sites,1.5,Selysi,chr15,9,9,0,0.9999999999999999,0,1
strict_all_F1_sites,1.5,Selysi,chr16,24,7,0,1,0,1
strict_all_F1_sites,1.5,Selysi,chr17,12,19,1,0.9999999999999999,0.7485815995929946,1
strict_all_F1_sites,1.5,Selysi,chr21,4,3,0,1,0,1
strict_all_F1_sites,1.5,Selysi,chr22,5,4,0,1,0,1
strict_all_F1_sites,1.5,Selysi,chr4,11,8,0,1,0,1
strict_all_F1_sites,1.5,Selysi,chr5,14,5,0,1,0,1
strict_all_F1_sites,2,Cinerea,chr1,20,27,7,6.69370715997393e-4,7.075305791142666,0.007697763233970019
strict_all_F1_sites,2,Cinerea,chr25,21,84,16,6.00515537822819e-4,5.785606416494448,0.007697763233970019
strict_all_F1_sites,2,Cinerea,chr10,40,50,14,0.007356589028167048,2.8578251976355697,0.056400515882614036
strict_all_F1_sites,2,Cinerea,chr27,3,6,2,0.012488980311489891,33.57792677808457,0.07181163679106688
strict_all_F1_sites,2,Cinerea,chr8,22,34,7,0.017070842574926484,3.4667240931700727,0.07852587584466182
strict_all_F1_sites,2,Cinerea,chr22,8,4,2,0.023062962445902568,16.67540019821542,0.08840802270929318
strict_all_F1_sites,2,Cinerea,chr24,4,5,1,0.1571631033699373,8.982349137273284,0.516393053929794
strict_all_F1_sites,2,Cinerea,chr20,14,3,1,0.25165392054347013,5.16626955295548,0.7235050215624766
strict_all_F1_sites,2,Cinerea,chr2,14,6,1,0.3077101273940186,3.340816395055313,0.7863703255624919
strict_all_F1_sites,2,Cinerea,chr17,13,19,0,0.365949378836036,0,0.8416835713228827
strict_all_F1_sites,2,Cinerea,chr11,1,7,0,1,0,1
strict_all_F1_sites,2,Cinerea,chr12,4,5,0,1,0,1
strict_all_F1_sites,2,Cinerea,chr13,17,14,1,1,0.9377568548737651,1
strict_all_F1_sites,2,Cinerea,chr14,12,5,0,1,0,1
strict_all_F1_sites,2,Cinerea,chr15,2,9,0,0.9999999999999999,0,1
strict_all_F1_sites,2,Cinerea,chr16,9,7,0,1,0,1
strict_all_F1_sites,2,Cinerea,chr18,8,5,0,1,0,1
strict_all_F1_sites,2,Cinerea,chr21,1,3,0,0.9999999999999999,0,1
strict_all_F1_sites,2,Cinerea,chr4,9,8,0,1,0,1
strict_all_F1_sites,2,Cinerea,chr5,12,5,0,1,0,1
strict_all_F1_sites,2,Cinerea,chr6,6,6,0,1,0,1
strict_all_F1_sites,2,Cinerea,chr7,22,17,2,0.657178125043351,1.3713279378765435,1
strict_all_F1_sites,2,Cinerea,chr9,6,1,0,1,0,1
strict_all_F1_sites,2,Selysi,chr10,44,50,17,5.453673765236825e-4,3.6217170857214684,0.007089775894807872
strict_all_F1_sites,2,Selysi,chr25,44,84,28,4.349008357450358e-4,3.5088214314847135,0.007089775894807872
strict_all_F1_sites,2,Selysi,chr27,14,6,4,0.006299321673507513,12.893496674620488,0.05459412117039844
strict_all_F1_sites,2,Selysi,chr2,7,6,2,0.010550007091015917,21.58343357453125,0.06857504609160346
strict_all_F1_sites,2,Selysi,chr26,13,15,4,0.030715110036988125,4.8040871223771635,0.13309881016028186
strict_all_F1_sites,2,Selysi,chr7,27,17,5,0.02803450552467771,3.8315754434261753,0.13309881016028186
strict_all_F1_sites,2,Selysi,chr1,43,27,8,0.03593226174246443,2.921524057781625,0.13346268647201073
strict_all_F1_sites,2,Selysi,chr8,39,34,9,0.07353432092977709,2.235272400441202,0.23898654302177555
strict_all_F1_sites,2,Selysi,chr13,19,14,3,0.10235710353087615,3.297075668292092,0.29569829908919776
strict_all_F1_sites,2,Selysi,chr19,5,4,1,0.15123349943176853,9.377319569927527,0.39032527105921616
strict_all_F1_sites,2,Selysi,chr23,18,1,1,0.16513761467889915,Inf,0.39032527105921616
strict_all_F1_sites,2,Selysi,chr12,10,5,1,0.24260202023628452,4.7285076878083645,0.4505466090102427
strict_all_F1_sites,2,Selysi,chr20,13,3,1,0.2352667801174146,5.627376939022948,0.4505466090102427
strict_all_F1_sites,2,Selysi,chr6,9,6,1,0.21681964748637042,5.2691617787219025,0.4505466090102427
strict_all_F1_sites,2,Selysi,chr11,8,7,1,0.2739218276731897,3.9459743507398235,0.4747978346335288
strict_all_F1_sites,2,Selysi,chr4,13,8,1,0.3187765620208931,3.0867568289415908,0.5180119132839514
strict_all_F1_sites,2,Selysi,chr15,10,9,1,0.35962957782577126,2.6619595801709184,0.5500217072629442
strict_all_F1_sites,2,Selysi,chr16,33,7,0,0.5997278704176081,0,0.8662735906032117
strict_all_F1_sites,2,Selysi,chr17,14,19,2,0.6483069740737821,1.4378418781792668,0.8871569118904388
strict_all_F1_sites,2,Selysi,chr14,11,5,0,1,0,1
strict_all_F1_sites,2,Selysi,chr18,7,5,0,1,0,1
strict_all_F1_sites,2,Selysi,chr21,12,3,0,1,0,1
strict_all_F1_sites,2,Selysi,chr22,10,4,0,0.9999999999999999,0,1
strict_all_F1_sites,2,Selysi,chr24,2,5,0,1.0000000000000002,0,1
strict_all_F1_sites,2,Selysi,chr5,17,5,0,1,0,1
strict_all_F1_sites,2,Selysi,chr9,26,1,0,1,0,1
